"","P11","P12","P13","P14","P15","P21","P22","P23","P24","P25","P31","P32","P33","P34","P35","P41","P42","P43","P44","P45","P51","P52","P53","P54","P55"
"1",0.58,-0.03,0.29,-0.29,-1.49,-2.14,0.02,-1.11,-2.17,-1.46,-2.11,-2.14,-1.08,-2.48,-2.07,-1.2,-1.9,-2.34,-1.94,-2.13,-0.13,0.19,0.96,-0.72,-1.38
"2",3.55,1.9,1.07,2.04,4.48,5.15,4.4,4.11,4.08,7.98,5.11,4.37,5.38,4.47,4.9,5.34,4.56,5.87,7.31,5.1,5.52,3.97,4.52,7.91,6
"3",-2.97,-0.01,-1.36,-1.86,-0.65,-4.19,-1.84,-0.91,-1.4,-3.18,-4.92,-1.79,-0.96,-0.37,-2.09,-2.94,-2.22,-2.27,-3.85,-2.26,-1.64,-1.04,-1.25,-0.39,-4.09
"4",1.07,-0.92,0.95,-0.24,2.08,0.9,4.01,2.05,1.97,3.64,1.97,0.21,2.41,1.87,0.78,-0.54,0.64,2.01,5.05,0.32,5.04,1.44,-0.55,2.07,0.19
"5",-3.38,-4.59,-1.87,-1.27,-1.38,-4.45,-2.03,-0.98,-0.36,-0.38,-3.19,-1.85,-1.18,-1.17,-1.48,-1.18,-1.13,-0.78,0.88,3.27,-1.53,0.71,-1.82,-2.32,1.1
"6",-3.23,-0.84,-1.19,-2.04,-1.26,-0.97,-1.2,0.86,0.68,-0.17,0.31,0.88,1.23,1.23,0.18,-0.46,0.98,1.34,2.85,5.86,2.33,2.01,1.99,2.09,2.08
"7",3.65,2.87,3.81,3.92,4.57,-2.1,-0.94,3.37,1.19,3.93,0.2,0.27,2.23,3.73,2.92,-0.73,1.54,0.84,3.32,3.04,2.79,2.87,1.5,1.81,1.12
"8",2.88,2.4,2,0.04,4.23,1.36,1.47,2.25,1.75,5.84,0.05,2.35,1.54,3.32,3.75,2.35,1.1,2.87,7.19,4.35,1.56,0.26,0.77,3.61,3.7
"9",0.32,0.8,2.07,3.33,2.4,2.01,2.93,3.16,5.38,5.84,-0.94,2.3,4.2,5.24,6.44,1.47,2.43,5.11,6.64,0.41,0.85,0.41,3.49,3.7,-0.7
"10",-1.99,2.29,-0.7,-1.29,-1.19,-1.05,-4.36,0.32,-1.78,-0.95,-2.3,-1.44,0.05,-1.14,-1.31,-3.01,0.55,1.16,-2.35,-2.57,-0.06,1.2,0.48,-1.29,2.52
"11",-1.66,-1.43,0.21,0.19,1.21,2.86,0.1,2.7,1.56,3.48,-0.75,1.37,-0.55,1.68,2.24,0.94,2.1,1.1,2.35,3.84,1.81,0.06,1,3.96,3.19
"12",1.62,0.33,0.98,0.47,0.79,0.58,1.38,1.3,0.85,1.91,0.56,1.9,1.94,2.18,0.94,0.79,1.03,0.83,2.58,2.81,0.67,2.61,-0.09,1.07,2.16
"13",0.55,3.58,2.97,2.34,4.41,0.76,1.42,3.84,2.81,2.15,2.51,2.28,2.73,2.98,0.94,0.85,3.1,1.27,1.47,2.82,2.28,0.39,3.65,1.49,0.79
"14",0.99,-2.19,-2.07,-1.2,-0.77,-2.07,-2.83,-1.34,0.04,-2.13,-3.06,-1.04,0.29,-0.48,-2.3,-1.3,-0.09,0.74,-0.3,-0.52,-1.56,-1.82,-0.35,-1.14,-3.53
"15",4.41,3.75,5.63,2.45,3.7,3.26,1.99,2.28,1.72,4.47,1.48,1.67,2.95,2.95,3.49,2.77,3.07,4.02,4.57,4.48,2.83,0.9,4.16,4.31,6.26
"16",1.41,0.08,2.35,1.92,3.07,-1.77,1.61,1.78,1.02,1.07,2.92,3.25,1.46,1.08,2.43,0.86,0.92,0.98,2.9,3.19,0.04,0.75,0.06,0.09,3.58
"17",-0.45,-0.7,0.43,0.46,0.23,-0.99,-0.54,-0.2,-0.89,-2.05,1.32,0.17,-0.31,0.14,-0.13,0.46,1.22,-0.9,-1.12,-4.35,0.75,-0.57,1.2,-1.64,-4.98
"18",-1.82,-1.71,-2.6,-2.93,-2.15,1.12,-0.23,0.43,-2.52,-1.26,-0.19,0.6,-0.7,-2.12,-1.22,0.58,-0.26,-1.93,-1.27,-1.75,0.52,1.01,-1.24,-1.49,-1.62
"19",8.28,5.55,5.79,6.94,8.49,7.37,5.7,5.33,5.71,5.9,4.92,5.95,4.83,5.78,6.69,6.38,3.85,4.95,4.84,7.21,4.42,0.98,2.82,3.32,3.27
"20",1.28,0.77,2.14,2.74,3.43,3.14,3.72,3.4,3.19,3.29,3.6,4.64,4.49,2.59,3.14,1.13,3.21,3.69,2.9,1.49,-0.12,-0.48,-0.22,-0.68,-1.54
"21",1.04,2.36,0.89,2.04,2.89,1.66,-1.86,0.63,0.94,0.23,-0.65,-0.72,-0.66,1.09,0.28,-0.95,-0.71,-0.84,0.08,1.73,-1.68,-2.02,-2,-0.96,-0.07
"22",3.07,4.55,4.86,3.76,4.29,-0.31,4.2,4.3,4.39,4.83,2.49,2.68,4.01,3.22,6.49,2.38,2.62,4.36,4.08,2.33,4.28,1.56,1.8,1.84,3.95
"23",-0.91,-2.63,-1.86,-0.72,-1.58,0.96,-1.68,-1.12,-0.64,-2.47,-0.72,0.07,-1.79,-1.12,-0.89,-1.41,-0.34,-1.26,-0.67,-3.62,-1.03,0.62,-0.54,-0.91,-3.73
"24",-12.75,-11.11,-9.88,-8.35,-9.92,-10.73,-8.7,-9.4,-8.68,-8.64,-7.31,-9.66,-8.79,-9.08,-8.73,-6.81,-7.27,-8.5,-9.01,-9.32,-4.78,-3.93,-5.33,-4,-5.78
"25",2.13,3.43,2.89,1.98,4.02,3.57,0.94,2.38,3.42,3.98,0.93,4.21,2.2,4.18,4.34,2.4,2.79,3.87,2.3,5.48,1.21,-0.35,1.58,3.56,4.75
"26",2.58,5.09,5.05,3.47,3.6,7.13,3.56,4.49,4.12,3.77,7.75,4.72,7.32,3.32,5.58,3.86,3.69,5.01,2.77,4.01,2.93,1.03,3.16,0.79,2.07
"27",2.77,5.87,1.31,3.63,2.83,5.24,3.28,2.54,4.56,2.61,2.48,3.99,2.13,4.84,4.34,3.42,3.42,0.92,2.57,3.52,3.62,2.01,2.17,3.21,2.94
"28",5.66,8.34,6.42,5.32,8.73,4.39,5.64,3.75,5.08,5.07,4.44,4.52,5.37,5.36,4.79,3.91,2.87,2.62,4.01,7.56,2.83,-0.04,2.74,4.11,5.17
"29",3.24,5.93,2.69,7.74,6.28,1.08,5.16,3.87,5.08,3.7,3.26,3.03,4.94,2.65,2.3,3.04,2.46,3.02,0.67,5.73,-0.65,-2.2,0.9,-1.63,-2.62
"30",6.08,6.9,2.33,3.54,4.64,3.42,4.63,4.03,2.06,7.04,2.24,1,3.69,1.13,5.3,0.85,1.01,1.29,4.12,4.45,0.68,-0.54,0.93,2.47,2.63
"31",5.5,5.7,8.07,9.2,8.86,4.56,5.04,4.77,4.94,6.02,3.65,2.46,2.54,4.32,5.63,0.24,1.67,4.57,3.8,5.32,-0.75,-1.02,1.35,2.68,3.12
"32",6.14,5.81,1.52,4.29,5.77,4.74,4.84,1.6,-0.56,3.18,-0.25,1.51,3.96,2.07,2.55,1.96,-1.92,0.29,0.34,3.2,-1.68,-2.62,-2.04,-2.32,-2.41
"33",0.05,-1.23,-2.08,-1.22,-1.48,-0.2,-2.07,-2.51,-4.01,-1.94,-2.08,-5.09,-2.74,-3.72,-4.09,-0.46,-1.77,-3.68,-2.92,-4.6,-1.85,-3.8,-1.47,-2.53,-4.88
"34",10.17,4.34,5.45,6.59,3.55,2.36,4.85,3.39,7.36,8.46,3.52,3.71,2.79,4.15,2.06,3.7,2.15,3.12,4.43,0,1.77,1.53,0.88,2.07,1.66
"35",-12.71,-13.47,-11.28,-11.17,-12.2,-10.23,-10.45,-9.3,-10.44,-9.59,-6.77,-7.44,-8.05,-10.99,-9.89,-5.52,-5.57,-7.12,-9.19,-11.17,-4.6,-4.28,-5.14,-5.92,-5.86
"36",-1.06,-0.9,0.9,1.16,-0.01,0.98,0.05,-0.08,-1.03,-0.13,-0.11,-0.9,2.31,-0.84,-1.06,-1.44,-0.74,-0.38,3.17,-0.46,-2.38,-1.86,-1.07,0.48,-1.07
"37",-2.35,-2.29,-2.76,-0.37,-1.38,-3.86,-1.29,-1.46,-2.04,-2.04,-1.32,-2.2,-1.17,-1.39,-1.63,-1.27,-1.72,-2.33,-2.98,-2.73,-2.04,-1.84,-0.96,0.56,-1.68
"38",-12.39,-11,-10.29,-11.49,-10.79,-13.62,-10.65,-9.96,-10.09,-11.32,-10.99,-9.13,-8.45,-10.24,-9.2,-9.69,-8.07,-8.29,-7.33,-9.81,-7.6,-9.16,-6.11,-6.6,-8.37
"39",-2.28,-2.48,-2.13,-2.29,-1.64,-2.42,0.45,-2.59,-2.22,-2.49,-2.67,-5,-0.15,-0.84,-1.48,-1.36,-0.25,-1.59,-3.6,-0.78,-1.71,0.61,0.08,-0.12,-2.02
"40",-8.37,-5.22,-5.05,-1.61,-1.84,-6.09,-0.91,-1.39,-0.13,-0.66,-2.52,1.18,2.91,4.31,1.2,-0.2,4.5,3.31,3.49,1.48,2.49,5.18,8.75,5.82,6.06
"41",8.04,3.28,4.27,2.06,3.16,7.36,2.33,7.22,1.53,2.29,9.46,6.38,0.54,4.41,0.11,8.05,0.9,1.15,1.54,0.39,3.27,1.5,-2.93,-1.83,-1.47
"42",3.7,2.43,2.02,0.45,-0.2,4.35,2.65,0.69,1.84,0.3,2.65,2.96,0.39,2.76,-0.88,2.73,1.92,1.1,3.26,1.55,-1.27,-0.32,1.06,-0.54,-0.52
"43",19.99,20.14,18.84,20.17,17.01,16.54,15.63,17.61,16.96,20.04,16.78,13.77,11.89,12.96,13.95,9.53,6.25,10.24,10.56,13.1,7.3,6.67,4.44,7.43,13.36
"44",7.12,4.53,5.22,4.14,5.54,2.89,1.6,2.18,2.89,1.29,1.55,1.6,1.47,0.41,0.49,2.59,-0.76,-0.54,0.75,-0.15,1.94,0.31,-1.15,-1.23,-1.69
"45",6.81,5.78,4.56,7.12,4.85,6.48,5.53,7.01,6.18,5.87,5.21,5.17,4.1,7.54,3.94,5.3,3.88,5.61,4.07,5.59,3.87,2.7,2.76,4.28,4.93
"46",6.6,3.72,3.22,3.72,3.24,2.88,3.34,4.88,3.58,3.02,5.22,4.2,2.95,5.21,2.61,6.28,2.66,3.65,3.02,2.5,6.57,2.52,-0.21,3.23,1.44
"47",0.03,0.07,-1.06,-1.22,-1.04,-1.61,0.43,-0.04,-2.96,-3.9,-3.57,-1.95,-2.08,-0.34,-2.18,-2.68,-0.88,-2.54,-1.65,-0.98,-5.98,-4.54,-4.38,-4.03,-3.99
"48",15.52,9.1,12.32,12.02,9.78,9.97,5.96,7.29,9.14,5.72,4.55,7.99,3.64,4.7,3.4,2.85,2.05,3.52,6.51,5.86,1.15,0.13,1.35,2.63,2.82
"49",9.01,9.7,9.25,7.34,11.54,5.86,6.51,9.19,9.02,8.1,5.07,4.68,5.59,7,11.06,4.46,4.35,4.77,6.83,8.9,4.14,5.33,1.8,5.56,6.15
"50",-1.02,0.33,-0.11,-0.08,1.78,-1.49,-1.62,0.37,0.16,0.8,-3.34,0.46,1.01,1.02,-0.61,-1.16,-1.28,-1,0.8,3.61,-0.88,-1.33,-1.84,0.15,1.03
"51",11.44,9.85,7.96,7.34,4.54,4.78,5.57,6.76,5.27,2.79,5.34,1.4,2.57,4.24,2.35,3.37,1.22,1.94,3.21,0.14,3.48,2.83,2.94,1.3,-0.07
"52",1.41,-4.37,-2.07,-2.02,-3.05,-1.16,-2.71,0.26,-3.24,-5.46,-3.89,-1.47,-4,-3.41,-2.88,-5.06,-5.89,-5.64,-2.94,-5.94,-0.64,-4.41,-3.09,-6.54,-6.9
"53",-1.46,3.43,-1.51,-1.66,-1.46,0.73,0.22,2.08,0.03,-0.24,2.33,0.47,0.37,-0.6,-1.28,3.08,0.01,-0.53,-0.47,-0.91,0.96,-0.08,-0.18,-0.91,-0.3
"54",12.8,10.02,8.22,9.34,9.8,12.07,5.96,8.88,6.91,8.8,7.37,5.33,5.12,4.96,6.8,1.02,2.42,4.34,4.23,3.52,1.62,2.72,1.91,5.26,2.46
"55",2.74,2.17,2.5,2.97,5.6,-4.98,-2.57,-0.92,0.77,2.22,-7.27,-1.1,-1.15,-1.1,2.38,-8.55,-0.24,-3.26,-0.24,-0.93,-6.68,-6.25,0.19,-2.68,-4.25
"56",-10.49,-7.48,-5.83,-7.34,-5.97,-7.31,-6.82,-9.37,-3.94,-6.06,-7.29,-4.32,-3.39,-2.75,-4.98,-5.78,-3.85,-3.18,-5.41,-4.5,-3.41,-2.6,-2.47,-3.64,-2.29
"57",-1.9,-0.39,-0.72,-2.4,-0.46,-0.77,-2.32,-0.52,-1.57,-1.02,1.62,-0.78,-2.8,0.39,-0.53,0.05,-0.57,-1.59,-0.15,-0.62,2.71,-1.76,-0.71,-2.17,1.65
"58",21.14,17.06,15.76,16.06,15.34,18.56,12.48,17.35,11.82,12.37,15.73,11.67,7.95,9.81,17.43,12.18,6.89,7.88,12.37,11.46,10.31,6.97,2.88,8.98,10.08
"59",10.3,12.13,10.33,11.44,11.29,11.47,7.27,7.71,7.13,6.79,8.35,4.26,4.39,4.61,6.52,3.99,4.2,2.57,2.32,5.75,1.81,0.81,-1.25,-1.43,4.2
"60",-1.51,-0.33,1.21,1.34,-0.24,-1.57,1.33,-1.91,1.2,-0.15,-2.45,2.95,3.06,1.32,0.96,-0.57,3.58,3.5,2.45,-2.87,-0.51,0.19,3.75,2.75,-2.03
"61",-5.38,-5.06,-4.21,-2,0.33,-9.35,-4.48,-2.72,-0.52,-0.77,-6.23,-4.36,-4.06,-1.4,-0.67,-5.95,-4.12,-4.66,-1.84,-2.69,-5.76,-1.45,1.81,0.45,0.66
"62",4.12,5.37,4.44,3.68,4.41,1.15,2.97,3.39,0.86,6.66,2.7,2.9,2.36,2.11,4.54,1.45,0.8,1.59,1.75,2.66,0.68,0.26,1.37,1.23,2.48
"63",6.73,8.05,6.5,5.51,5.89,6.66,5.92,6.74,5.75,5.84,6.71,6.37,2.96,5.6,5.95,6.12,5.64,4.34,6.37,5.47,1.61,4.87,1.88,3.82,7.87
"64",-2.49,-0.47,0.96,0.21,1.22,-0.75,0.29,1.39,1.93,0.51,-0.54,2.11,2.69,2.12,0.38,-0.77,0.06,1.97,0.36,2.17,-2.18,1.7,1.44,3.31,0.71
"65",6.33,7.28,6.08,6.17,6.56,9.66,8.68,7.91,8.51,5.46,8.04,6.74,7.54,9.33,7.31,6.42,7.49,6.78,6.8,7.94,5.85,2.58,5.29,4.12,3.38
"66",3.64,1.91,0.26,-0.68,0.11,-0.53,0.19,-1.88,-3.47,-3.97,-3.09,-4.44,-1.76,-0.2,-3.3,-4.4,-4.95,-4.55,-1.88,-1.07,-5.77,-4.83,-3.59,-3.89,-3.46
"67",-1.06,-2.65,-2.46,-1.84,-1.87,-3.22,-1.57,-2.05,0.73,0.11,-3.85,-1.65,-1.05,-1.69,-1.74,-2.63,-0.22,-0.69,-0.81,0.74,-2.68,-0.96,0.27,-0.89,1.09
"68",-12.84,-11.19,-9.51,-9.13,-9.18,-11.51,-8.55,-5.38,-7.57,-7.9,-9.63,-8.87,-6.54,-7.52,-6.25,-8.61,-8.01,-5.4,-7.67,-9.19,-3.81,-3.57,-5.55,-5.06,-6.68
"69",2.67,2.01,3.1,3.7,1.93,3.77,1.21,1.68,-0.08,4.95,1.64,2.18,0.41,2.09,2.28,4.33,-2.61,2.03,1.23,3.1,3.76,2.44,3.25,1.49,4.45
"70",0.52,-1.02,0.47,1.96,-0.42,1.02,0.69,0.53,-1.08,4.15,1.9,-0.41,-0.2,1.56,-0.05,2.22,1.85,-0.1,-1.13,1.19,3.19,0.63,0.34,2.49,0.29
"71",0.55,0.33,0.53,0.31,-0.03,-2.44,-2.01,-1.44,-0.41,0.01,-0.35,-0.26,0.85,1.01,-2.37,-0.74,-1.45,1.03,0.71,-2.95,-0.97,0.07,0.49,0.97,0.15
"72",-15.15,-13.43,-13.97,-13.1,-12.83,-12.69,-11.56,-9.66,-10.56,-11.45,-10.97,-10,-11.71,-10.35,-9.56,-7.61,-9.28,-7.77,-9.02,-8.93,-2.1,-7.33,-7.96,-7.17,-8.96
"73",-13.54,-12,-11.37,-10.99,-8.45,-11.29,-10.42,-9.02,-6.98,-8.9,-10.48,-11.05,-7.04,-6.73,-8,-7.16,-8.65,-7.53,-6.14,-8.55,-4.57,-6.48,-6.9,-8.69,-6.15
"74",4.68,4.26,4.45,2.79,2.26,6.65,6.12,3.6,2.77,2.17,9.2,8.22,6.48,2.09,5.17,9.42,4.93,4.07,2.98,2.3,6.5,4.21,3.31,3.93,1.43
"75",-3.63,-5.64,-5.69,-2.83,-4.06,1.02,-1.32,-2.46,-1.41,-2.04,-0.36,-0.48,-2.38,-2.55,-4.32,-0.03,-2.07,-3.07,-3.77,-4.06,-1.1,-2.92,-3.05,-6.31,-5.2
"76",13.38,12.03,8.65,7.34,5.73,10.64,7.89,6.1,5.46,6.37,8.29,6.21,6.83,8.11,6.24,8.35,6.68,7.72,5.64,4.76,5.36,4.62,3.91,1.6,3.17
"77",-9.01,-7.64,-6.67,-6.56,-7.91,-4.01,-5.92,-3.82,-5.92,-5.84,-5.11,-5.23,-7.12,-4.13,-6.11,-2.65,-4.38,-3.76,-5.78,-6.5,-1.91,-4.24,-4.28,-5.04,-2.47
"78",-8.82,-8.09,-6.68,-8.86,-9.29,-4.78,-6.67,-7.87,-6.72,-6.67,-3.57,-2.37,-4.81,-5.49,-5.52,-0.21,-4.93,-2.55,-2.55,-4.73,0.33,-2.07,-2.13,-2.45,-5.87
"79",-5.46,-3.88,-4.48,-3.07,-0.49,-7.52,-7.35,-2.64,-4.21,-2.4,-10.11,-7.06,-8.73,-4.27,-4.15,-8.54,-11.99,-8.36,-6.71,-6.49,-9.1,-7.43,-8.81,-10.27,-4.87
"80",1.64,2.78,3.47,2.56,3.67,2.1,2.22,2.15,7.58,6.44,3.31,1.45,5.3,4.75,6.86,3.68,4.27,6.03,8.09,6.3,2.95,4.51,8.47,6.28,7.55
"81",-7.08,-5.81,-3.09,-0.26,-1.86,-6.45,-3.06,-0.87,-0.54,0.12,-4.43,-1.21,-1.78,1.3,0.21,-4.74,-0.39,0.88,0.24,1.66,-2.99,-0.79,2.28,0.07,1.06
"82",-24.65,-19.24,-15.46,-13.48,-12.52,-22.67,-17.41,-15.48,-11.14,-11.66,-20.82,-14.79,-13.74,-9.63,-11.26,-16.21,-15.42,-10.3,-10.21,-9.86,-11.03,-8.74,-9.47,-7.49,-8.48
"83",-10.72,-10.7,-9.69,-8.65,-10.98,-13.53,-8.78,-11.27,-8.91,-8.69,-11.68,-11.27,-13.65,-7.11,-8.13,-11.54,-10.21,-8.02,-7.96,-8.8,-8.55,-6.61,-5.59,-0.58,-4.55
"84",-12.69,-9.24,-7.88,-8.86,-6.61,-11.05,-7.33,-8.77,-7.69,-6.64,-8.88,-5.21,-7.46,-5.34,-7.78,-3.09,-5.74,-4.34,-3.88,-11.24,-6.87,-4.59,-4.24,-2.64,-8.75
"85",4.3,5.08,4.59,5.94,3.31,6.31,6.74,5.4,10.18,7.28,7.01,6.29,9.42,4.98,6.67,5.4,9.17,7.43,8.55,10.73,3.87,7.69,8.5,10.13,5.62
"86",5.07,5.92,6.61,6.24,5.8,9.13,8.63,5.24,7.24,4.01,5.29,7.39,5.56,5.19,7.27,4.01,7.74,3.27,4.82,6.21,3.46,4.64,3.88,4.35,5.67
"87",21.61,16,15.1,11.05,11.05,17.55,18.09,8.96,6.76,9.06,14.63,9.3,8.6,4.6,5.54,9.01,5.43,4.38,3.34,7.5,6.64,-0.22,-0.76,-0.28,3.85
"88",-11.59,-7.91,-11.75,-6.98,-5.46,-4.94,-8.42,-6.46,-4.31,-4.87,-6.32,-4.72,-6.88,-3.1,-5.09,-3.14,-3.74,-3.9,-3.9,-6.65,-0.54,-1.42,-4.04,-0.33,-4.23
"89",-5.18,-2.58,-2.55,-0.08,-0.25,0.32,0.78,2.7,5.27,3.39,2.47,2.61,4.29,4.41,1.5,4.27,2.68,5.82,7.94,4.35,4.7,6.31,4.57,5.48,5.22
"90",6.56,6.9,10.02,11.16,10.33,8.33,7.83,7.72,8.95,9.26,5.85,9.19,10.86,7.3,8.64,5.83,10.1,7.9,9.62,7.19,4.26,5.36,7.27,4.58,6.49
"91",14.89,13.4,15.93,13.74,15.55,7.16,12.81,12.24,10.52,12.7,7.87,8.47,10.8,7.43,8.3,4.86,6.62,4.91,8.27,13.62,3.72,3.93,2.92,2.62,3.65
"92",7.67,7.14,5.77,2.99,3.73,3.7,3.25,2.46,1.01,0.56,3.74,1.61,1.96,0.99,1.51,3.1,2.76,-0.03,2.91,0.88,2.01,0.02,0.3,0.17,0.92
"93",8.04,4.33,7.56,6.19,4.83,7.65,6.37,5.59,4.07,1.09,10.11,9,3.15,3.02,4.38,6.63,5.72,4.33,2.05,3.21,5.56,2.6,4.53,1.18,2.2
"94",0.5,2.98,1.96,2.46,1.58,1.93,2.32,1.81,3.32,6.75,5.91,4.45,4.52,1.92,7.77,2.61,3.01,1.68,3.86,8.89,3.35,5.38,0.43,2.28,5.87
"95",-6.89,-5.39,-7.63,-5.25,-6.86,-3.79,-5.83,-5.02,-4.92,-4.76,-4.86,-2.85,-5.21,-4.03,-3.39,-2.43,-3.61,-4.48,-3.44,-4.66,-2.72,-4.64,-4.39,-5.34,-3.94
"96",-0.79,-3.96,-2.66,-1.61,-2.53,3.6,-2.74,0.06,-2.39,-3.73,-2.06,1.37,-1.87,-2.22,-2.86,0.88,0.9,1.88,0.21,-4.31,0.87,-1.22,-0.73,0.51,-0.65
"97",-9.02,-8.46,-7.65,-6.44,-6.31,-6.81,-5.12,-3.86,-6.85,-6.14,-8.42,-4.93,-3.68,-6.21,-5.09,-4.02,-4.61,-4.21,-4.63,-8.01,-4.38,-4.3,-3.87,-3.7,-5.89
"98",2.82,3.91,2.34,4.09,5.18,3.61,6.6,2.83,5.57,7.32,6.08,4.46,1.45,7.03,8.53,6.42,3.86,1.68,3.01,10.09,4.93,4.19,-1.9,1.5,13.12
"99",0.84,1.72,-0.49,-1,-2.76,1.73,-1.55,-2.47,-2.03,-3.2,0.76,-0.06,-1.05,-1.7,-3.35,1.51,-1.4,-0.82,-0.6,-4.81,-0.03,-1.48,-1.65,-1.82,-2.52
"100",-8.23,-7.15,-7.46,-4.82,-7.64,-6.33,-5.69,-3.43,-4.72,-7.03,-8.36,-6.69,-3.55,-5.06,-5.62,-3.49,-3.77,-2.64,-5.91,-6.24,-3.86,-5.6,-4,-3.08,-4.39
"101",-3.64,-6.16,-4.13,-4.76,-5.97,-2.26,-2.57,-1.82,-3,-3.11,-2.29,-1.52,-0.95,-4.56,-5.09,-0.08,-2.14,-3.09,0.23,-4.76,0.73,0.68,-0.5,-0.92,-0.09
"102",14.12,13.87,10.37,11.41,13.01,12.7,13.71,12.41,10.65,12.28,13.75,9.13,9.8,11.56,12.01,11.9,9.49,8.52,7.85,12.09,8.08,8.94,8.51,6.56,8.57
"103",12.93,13.09,11.57,10.55,14.5,9.11,6.14,5.31,6.38,10.74,5.77,3.74,2.61,5.58,8.19,2.73,1.66,1.01,2.75,7.97,2.46,0.25,-1.02,0.53,6.09
"104",2.78,5.23,3.91,3.97,3.3,4.83,4.15,4.1,1.55,3.87,6.63,3.85,1.8,-0.77,1.71,5.37,1.57,-0.12,1.8,0.14,4.35,2,1.01,0.12,-0.19
"105",2.69,-0.17,-2.2,-1.84,-0.68,1.63,1.52,-1.25,-0.45,-1.87,2.17,0.95,1.86,0.06,-2.02,0.55,-0.49,2.46,1.67,0.57,2.32,0.73,-4.09,-2.17,2.59
"106",-1.52,-0.1,-1.36,1.01,0.79,-0.59,0.55,1.7,1.51,1.4,1.31,-0.94,-0.36,0.22,-0.11,-1.07,-1.06,-0.53,0.87,3.27,0.61,1.29,-0.56,-0.13,-1.38
"107",-1.87,-2.2,-4.44,-2.56,-2.57,-0.8,-1.94,-2.08,-3.76,-1.75,0.91,-2.08,0.69,-1.46,-3.75,3.27,-1.82,-1.59,-0.36,0.2,3.08,-0.84,2.88,0.7,-2.97
"108",-4.5,-4.96,-3.61,-3.44,-4.06,-4.71,-2.37,-1.63,-1.77,0.49,-0.4,-2.2,-4.34,-4.72,-6.13,-4.38,-2.11,-2.47,-4.83,-8.07,-0.94,-3.52,-3.05,-2.63,-6.96
"109",-7.5,-5.2,-4.55,-3.65,-3.11,-5.58,-5.15,-3.56,-2.05,-4.22,-3.56,-1.77,-3.56,-0.85,-1.33,-3.84,-4.49,-2.15,-0.43,-2.4,1.31,-1.54,-0.16,-1.58,-1.96
"110",-1.91,-2.93,0.32,-0.32,1.96,-0.81,-1.96,1.98,1.2,4.7,0.01,1.68,2.8,4.96,3.83,-0.32,2.47,4.78,4.93,6.78,0.39,6.54,6.85,8.71,5.86
"111",-5.19,-5.18,-5.15,-4.08,-4.55,-3.86,-3.89,-2.41,-2.73,-3.65,-2.02,-2.9,-1.46,-2.21,-2.96,-2.15,-3.7,-0.89,-2.7,-4.34,-0.15,-2.01,-2.08,1.62,-4.09
"112",-3.85,-3.68,-3.29,-2.52,-2.35,-4.44,-0.72,0.95,0.29,-1.05,-3.12,-1.25,1,0.32,-0.08,-2.03,-0.85,1.12,1.9,-1.36,0.58,0.71,1.75,1.97,0.66
"113",-0.66,3.57,4.41,5.63,5.64,4.09,4.55,6.75,4.01,7.34,2.65,3.85,6.17,7.11,7.06,6.24,7.61,6.37,6.55,10.68,1.21,6.24,6.5,7.65,13.43
"114",-2.14,-2.84,-3.72,-2.98,-1.86,-1.01,-3.08,0.07,-3.84,-2.7,0.63,-0.8,-1.01,-1.4,-2.99,0.19,-1.59,-1.15,-2.14,-4.78,3.34,-0.54,-1.11,-0.33,-3.01
"115",-8.4,-5.43,-3.24,-3.99,-1.84,-11.08,-5.97,-7.37,-3.22,-6.32,-7.93,-8.05,-6.38,-4.13,-5.38,-6.86,-7.88,-6.14,-3.88,-4.69,-2.02,-4.36,-1.44,0.17,-4.8
"116",-14.48,-9.07,-8.92,-8.54,-6.43,-14.43,-8.34,-8.04,-6.16,-5.98,-11.37,-8.5,-8.39,-3.35,-7.67,-8.8,-7.99,-4.93,-4.09,-2.48,-2.53,-3.55,-5.27,-6.29,-3.79
"117",-7.5,-4.49,-3.12,-1.45,-2.27,-5.4,-3.03,-2.96,-2.5,-0.61,-5.36,-4.89,-2.39,-2.29,-0.67,-4.38,-4.44,-2.42,-2.59,0.36,-1.3,-1.5,1.37,1.42,1.11
"118",-12.37,-10.36,-7.22,-6.6,-5.93,-14.81,-9.83,-6.36,-4.63,-5.4,-11.75,-6.9,-4.43,-4.06,-4.82,-11.44,-8.7,-3.42,-3.45,-5.16,-6.45,-3.93,-2.65,-1.21,-3.29
"119",-11.97,-11.31,-9.81,-8.24,-8.78,-11.69,-9.88,-8.09,-6.89,-9.6,-9.65,-8.7,-5.36,-3.28,-7.83,-7.58,-8.19,-2.75,-2.98,-5.06,-0.32,-1.71,-1.41,-3.78,-6.12
"120",-5.64,-4.48,-4.89,-3.58,-2.85,-7.47,-4.56,-3.38,-2.57,-2.11,-7.03,-3.38,-2.32,-1.44,-3.44,-5.13,-4.51,-3.44,-1.5,-4.24,-0.9,-0.81,0.2,-1.2,-2.54
"121",18.3,15.43,11.36,12.93,9.74,21.48,12.64,10.22,6.33,9.26,18.31,9,6.36,1.5,7.07,14.69,8.74,6.32,2.46,8.48,4.76,4.82,-0.82,1.36,3.58
"122",-6.08,-7.69,-6.47,-6.64,-5.2,-3.87,-7.57,-5.46,-5.82,-4.7,-3.89,-4.8,-4.73,-3.17,-1.47,-3.52,-1.61,-2.8,-3.85,-0.57,-4.29,-3.13,-4.4,-3.08,0.08
"123",10.99,10.19,6.14,7.08,6.26,10.5,10.63,10.93,6.39,9.58,10.57,9.42,9.56,8.19,9.81,9.46,11.02,10.91,8.91,10.21,-0.81,7.09,8.04,7.9,7.59
"124",-3.58,-0.27,0.19,-0.22,0.66,-3.84,-4.3,0.99,0.38,0.8,-4.18,1.86,-0.37,-1.18,0.71,-3.65,-2.09,0.63,-1.42,1.86,-0.25,-1.35,-0.36,-3.66,1.9
"125",-25.43,-22.24,-19.5,-17.27,-18.61,-23.95,-20.79,-19.57,-16.33,-16.5,-23.46,-18.66,-16.68,-12.76,-16.64,-20.5,-17.81,-14.93,-12.57,-15.67,-11.28,-13.28,-11.36,-6.89,-8.81
"126",-4.66,-5.46,-4.61,-3.49,-4.79,-1,-5.6,-1.49,-1.93,-1.53,-2.28,0.35,0.02,-0.04,1.72,-1.12,2.27,6.08,1.99,6.53,-2.74,0.24,6.6,4.39,10.49
"127",9.61,13.66,14.24,12.13,18.26,3.83,10.86,9.1,10.22,12.83,5.07,3.61,7.91,7.04,10.93,-2.26,1.41,2.29,6.94,5.06,-2.61,0.01,-3.52,0.11,-0.71
"128",-0.92,-1.91,-0.81,-0.69,0.51,-0.18,0.63,0.64,1.29,3.55,-3.29,-0.49,1.02,-0.1,1.76,-3.02,0.12,1.83,1.14,3.12,-1.9,1.23,-1.53,2.24,3.23
"129",-0.34,-1.48,-0.06,1,1.33,-2.17,1.67,-2.08,-1.51,0.09,-2.18,-1.76,-3.79,-2.12,-1.56,-3.11,-3.89,-5.29,-3.31,-3.08,-2.09,-4.1,-2.89,-4.04,-5.32
"130",-5.46,-6.69,-5.86,-6.17,-4.94,-9.03,-7.12,-6.52,-4.78,-4.13,-6.99,-7.85,-5.33,-6.67,-3.11,-8,-7.84,-6.72,-7.34,-2.36,-3.79,-4.99,-5.77,-6.82,-6.17
"131",-9.11,-8.3,-8.86,-7.54,-6.94,-7.25,-8.31,-8.38,-7.92,-8.32,-7.78,-10.33,-7.4,-7.79,-9.05,-7.33,-9.41,-6.12,-6.54,-8.4,-1.09,-4.29,-6.35,-4.08,-8.55
"132",-4.02,-3.83,-2.83,-2.78,-2.14,-4.37,-3.88,-3.43,-1.11,-1.08,-4.99,-3.23,-4.1,-5,-1.06,-3,-3.95,-3.4,-5.88,-3.91,-2.1,-3.33,-2.4,-2.72,0.97
"133",-9.4,-6.32,-5.83,-5.41,-4.53,-7.96,-4.56,-5,-4.24,-3.7,-7.42,-3.3,-2.83,-3.83,0.27,-9.41,-6.63,-3.02,-1.43,-1.5,-11.7,-4.65,-4.56,-4.8,-5.8
"134",-10.09,-8.76,-8.23,-8.09,-7.51,-10.29,-11.64,-6.94,-8.44,-5.97,-11.6,-10.92,-7.28,-7.5,-7.47,-12.25,-9.39,-8.93,-7.2,-6.76,-10.53,-8.19,-5.12,-8.35,-9.24
"135",-14.38,-9.15,-7.58,-7.74,-9.23,-12.9,-7.85,-8.84,-8.54,-7.84,-13.85,-9.73,-7.68,-5.45,-7.26,-12.5,-7.94,-5.8,-7.16,-8.93,-15.54,-10.62,-5.57,-5.94,-7.44
"136",14.99,6.62,6.48,7.28,9.15,15.52,10.23,6.99,6.99,6.11,18.13,10.28,6.55,8.05,9.68,20.69,12.55,11.02,9.17,9.84,21.84,13.77,12.28,10.07,0.8
"137",-6.87,-6.09,-5.56,-5.74,-7.22,-5.8,-5.11,-4.48,-5.84,-7.38,-4.96,-4.63,-3.52,-4.69,-2.48,-2.7,-0.99,-1.93,-4.32,-7.14,-5.16,-3.91,-4.5,-2.86,-4.65
"138",-8.1,-8.83,-7.97,-8.2,-9.86,-6.92,-6.87,-6.49,-7.42,-6.46,-6.3,-5.1,-4.87,-5.8,-7.93,-5.04,-3.18,-4.78,-2.71,-10.35,-4.5,-0.33,0.82,-1.74,1.18
"139",25.85,28.95,27.55,27.2,32.69,21.34,25.54,25.76,26.76,29.46,18.46,24.45,21.36,22.82,28.62,14.62,19.86,23.43,23.74,27.32,8.71,13.02,13.38,19.18,15.08
"140",7.1,4.99,2.72,3.04,4.49,8.66,6.19,1.12,3.19,1.66,6.89,2.74,2.4,4.27,4.23,6.13,1.94,1.48,2.72,2.1,9.19,2.5,3.05,1.68,-3.67
"141",8.72,10.15,8.68,7.51,9.36,5.97,6.41,6.72,5.48,7.97,5.47,6.63,3.4,6.89,4.91,5.57,6.08,4.94,4.99,3.8,2.27,1.69,-2.29,5.79,5.74
"142",6.63,5.85,3.79,2.38,2.62,6.01,3.52,2.36,0.87,3.83,5.01,4.88,4.51,3.42,2.84,6.51,2.72,2.07,5.43,4.07,5.13,4.79,-0.24,4.86,4.58
"143",11.54,10.61,8.05,7.31,6.21,11.38,7.33,6.59,7.45,7.36,4.94,7.74,3.88,7.8,0.8,7.21,5.48,5.02,3.81,4.81,4.57,7.62,4.8,-0.71,0.52
"144",5.54,7.29,7.08,8.44,7.55,9.35,6.69,6.49,8.02,2.41,5.31,4.75,6.79,5.62,4.33,4.77,7.49,6.69,10.28,7.75,3.17,6.46,4.66,6.34,7.02
"145",-1.99,-0.24,-2.27,-0.69,-1.12,-3.73,-3.83,-2.89,-4.14,-4.57,-5.72,-3.89,-4.07,-4.6,-6.45,-7.78,-6.88,-4.9,-4.83,-7.32,-8.63,-4.65,-4.98,-6.16,-2.03
"146",-7.52,-6.9,-5.41,-5.82,-8.14,-4.9,-4.54,-5.71,-4.64,-8.82,-4.49,-3.82,-3.94,-4.71,-6.12,-5.01,-3.99,-3.22,-2.91,-1.17,-2.5,-2.28,-2.26,1.82,-4.94
"147",-5.87,-2.93,-3.82,-3.56,-4.43,-3.87,-4.54,-4.08,-3.87,-5.47,-5.83,-3.37,-4.43,-4.73,-4.56,-4.93,-3.69,-4.21,-3.89,-4.98,-5.06,-1.85,-2.9,-4.91,-5.88
"148",0.94,0.85,2.18,2.18,0.4,1.57,3.57,0.91,3.18,4.33,1.47,3.3,3.04,4.23,-0.19,5.09,5.33,6.46,4.58,6.37,6.62,5.09,3.89,6.19,3.34
"149",-0.32,1.62,1.57,2.07,3.24,-0.41,2.89,1.64,3.83,3.48,1.6,2.48,4.28,3.85,0.69,2.59,3.43,3.26,7.29,5.63,2.93,1.81,2.64,2.5,4.27
"150",-1.39,-1.81,-1.56,-1.5,-1.86,-3.14,-1.85,0.22,-1.2,-2.56,-1.44,-1.24,0.21,-0.7,2.58,-2.57,0.31,-0.5,-0.81,-1.26,-3.15,0.4,-0.21,0.19,4.77
"151",15.4,16.46,20.9,21.94,26.41,12.4,16.25,16.2,20.9,26.3,15.74,14.6,16.47,18.25,21.81,12.31,12.96,16,18.12,22.13,10.56,9.02,13.57,16.7,14.69
"152",9.5,7.11,10.02,12.04,15.47,7.26,5.95,7.02,8.13,11.21,3.65,3.42,5.14,7.43,12.92,0.17,2.9,3.99,4.95,3.6,-2.65,1.06,-1.2,-1.21,9.1
"153",3.16,1.87,1.68,0.35,1.2,0.85,0.22,-0.12,0.87,1.92,0.49,0.47,1.5,1.75,1.54,0.71,1.86,0.73,1.09,6.4,2.56,3.2,2.98,2.32,-1.41
"154",-1.87,-1.21,-3.12,-1.61,-2.08,-1.39,-2.14,-1.21,-1.35,-2,-1.95,-0.39,-0.99,-1.28,-0.91,-1.91,-1.73,-1.11,-2.51,-4.15,-2.68,-0.12,1.37,0.29,0.72
"155",-2.19,-2.06,-1.89,-3.9,-5.19,-1.36,-2.34,-1.14,-2.95,-4.76,-2.16,-1.72,-2,-1.81,-3.47,-2.55,-1.59,-1.38,-3.77,0.86,-1.43,0.18,-1.19,-2.7,1.01
"156",3.75,1.83,1.7,2.68,1.6,1.94,2.72,3.18,2.92,5.77,4.13,4.85,6.16,4.38,7.7,3.81,4.49,6.77,7.47,3.48,4.03,3.55,5.17,5.5,2.51
"157",-1.59,-2.3,0.3,-0.77,0.65,-1.45,-0.63,2.16,-0.25,0.97,-2.1,-0.97,-0.04,0.3,-0.32,-2.13,0.14,-0.01,1.08,0.92,-2.09,-0.28,-0.29,-1.06,2.23
"158",-4.75,-1.96,-1.6,-1.85,-1.98,-4.74,-2.36,-3.12,-1.6,-1.72,-3.14,-1.67,-1.49,-0.67,-4.46,-3.13,0.03,1.14,-1.64,0.01,-0.59,0,1.53,-1.2,0.35
"159",1.78,1.57,0.59,1.75,1.51,3.72,3.76,2.19,2.9,1.48,3.1,2.17,2.24,2.37,0.45,1.91,1.73,2.44,2.44,0.87,1.13,3.96,2.82,3.46,-1.54
"160",-3.21,-1.89,-1.99,-1.94,-2.78,-3.25,-3.5,-2.72,-1.71,-1.69,-3.68,-0.53,-1.87,-1.48,-4.08,-2.73,-1.95,-1.57,-2.08,-3.36,-2.92,-2.91,-1.06,-3.69,-4.54
"161",5.32,2.82,1.52,2.16,2.4,2.75,3.06,2.5,3.8,4.69,3.35,2.96,3,3.95,6.7,3.91,2.93,2.88,1.48,1.28,-2.06,-0.26,1.68,1.59,3.58
"162",10.44,9.05,9.15,10.54,9.65,8.78,8.91,9.03,9.01,11.03,5.43,9.07,8.31,7.87,7.88,5.74,6.55,7.1,9.08,9.11,3.55,6.89,5.21,7.25,7.77
"163",2.48,3.99,2.31,4.19,5.41,-0.64,1.74,0.14,1.63,3.01,-2.68,-0.45,0.77,0.71,0.26,-4.77,-2.98,-2.9,-0.21,1.24,-8.12,-3.7,-1.32,-2.21,0.04
"164",-0.83,-0.69,-0.82,-0.78,0.07,-2.01,-1.38,-0.76,-0.19,-2,-4.34,-1.43,-2.78,-0.01,-3.91,-3.38,-2.35,-2.39,-2.26,-2.56,-1.6,-3.64,-1.15,-2.26,-1.89
"165",-0.31,-0.14,1.11,1.05,0.94,0,-1,1.28,-0.6,-1.15,-0.45,1,-0.63,-0.13,-0.08,-2.24,-0.09,0.44,0.19,4.55,-1.98,-2.2,-1.6,-1.14,-0.64
"166",0.87,-0.15,1.44,2.27,2.16,0.8,1.08,0.97,1.87,2.59,0.1,0.4,1.61,2.24,1.9,-0.84,1.66,2.22,2.7,2.34,-2.59,1.78,1.01,3.74,5.33
"167",-2.14,-0.63,0.09,-0.19,0.94,0.52,-1.46,-0.75,0.53,-1.87,-1.23,-0.2,0.31,0.33,-0.08,-0.87,-1.19,-0.35,-1.64,-1.67,-2.77,-1.2,0.31,-2.56,-2.41
"168",5.4,6.08,6.64,5.24,6.86,8.23,5.65,6.04,5.04,9.15,8.44,5.92,5.77,4.21,5.88,5.89,4.72,4.44,4.41,5.78,5.6,3.56,2.65,4.4,1.94
"169",0.8,0.41,0.71,0.18,0.77,-1.71,-0.5,-1.09,0.41,-0.1,-0.39,-0.43,-1.55,-1.75,-1.12,-1.46,-3.57,-1.15,-1.52,-4.8,-1.61,-3.13,-1.19,-0.6,-5.58
"170",0.71,-0.74,-0.95,-1.81,-2.11,0.18,-1.25,-1.95,-1.28,-1.98,1.36,-1.67,-1.22,-0.98,-1.82,-1.87,-1.46,-2.48,-2.47,-4.2,0.73,-3.97,-3.36,-5.25,-4.67
"171",1.83,1.86,0.39,1.5,0.92,0.87,0.56,1.31,-0.26,-1.85,1.7,1.05,0.74,-0.14,-0.36,0.58,-0.33,0.18,0.32,-1.48,-1.29,-1.24,1.83,-0.04,-0.55
"172",-5.03,-3.1,-2.73,-1.82,-2.61,-5.74,-3.06,-4.46,-0.29,-2.1,-3.91,-2.6,-2.91,-2.96,-3.12,-4.47,-3.52,-3.28,-4.64,-5.37,-4.89,-4.62,-5.53,-2.99,-4.11
"173",8.85,8.1,7.87,6.25,8.5,7.88,9,8.34,6.62,7.65,6.32,7.1,5.48,5.65,8.21,6.78,5.6,5.05,6.51,6.67,3.02,2.81,2.5,2.45,4.51
"174",4.09,3.03,2.13,2.28,1.24,2.57,1.45,0,0.05,1.1,1.04,0.19,1.28,0.54,0.76,-0.05,0.45,0.06,-0.72,-1.09,-0.4,0.62,0.7,-0.12,0.82
"175",-1.68,-3.78,-1.97,-1.59,-0.29,-5.85,-6.21,-3.01,-2.31,-2.95,-7.42,-5.74,-3.82,-3.99,-1.05,-6.54,-6.79,-6.03,-4.68,-2.19,-6.69,-7.71,-5.9,-5.45,-3.62
"176",2.61,2.7,3.49,2.78,3.1,1.24,1.12,0.53,1.84,0.12,0.12,1.22,0.11,0.2,0.78,-1.7,-1.06,-1.14,0.48,-2.72,-3.54,-1.99,1.97,-1.46,-4.05
"177",7.56,6.84,7.57,6.29,7.68,5.56,5.39,7.02,5.86,6.96,4.97,5.19,4.26,4.18,7.71,4.44,4.29,4.15,4.24,4.32,0.61,3.42,2.49,2.33,3.19
"178",9.77,8.17,7.85,6.79,7.87,9.54,6.93,7.83,6.76,5.91,9.46,7.93,7.18,4.38,6.03,8.09,6.76,4.75,5.26,8.02,11.28,8.04,4.11,4.56,4.88
"179",8,5.86,8.24,5.87,7.53,6.6,7.01,4.3,3.64,4.89,5.83,4.79,4.82,1.66,3.66,4.21,3.26,1.01,1.78,3.24,0.88,0.85,-0.59,0.6,1.46
"180",0.35,0.42,-0.6,-0.45,-0.23,-1.76,-3.27,0.03,2.83,-0.72,-1.32,-1.5,-0.11,0.37,0.66,-1.6,-1.17,-0.59,0.01,-1.18,-1.75,-3.57,-2.54,-2.32,-1.15
"181",6.15,5.4,5.51,4.34,4.2,7.42,5.32,4.54,5.57,6.42,6,4.3,3.82,3.84,3.32,5.6,5.3,5.8,5.47,9.4,6.92,4.38,3.03,3.79,4.2
"182",9.28,8.98,7.86,7.41,9.64,8.47,6.98,8.9,6.67,8.95,7.34,7.87,6.01,4.34,9.2,7.1,5.72,3.77,3.36,2.27,2.03,2.66,3.91,2.33,-0.33
"183",-1.63,-0.45,-2.41,-0.78,-0.41,-2.44,-2.16,-2.15,-0.16,-2.44,-3.8,-1.32,-2.08,-0.92,-1.52,-3.88,-2.92,-0.08,-0.53,-1.79,-3.89,-0.35,1.35,-0.28,0.27
"184",-27.36,-24.02,-22.51,-19.34,-22.08,-25.44,-19.62,-19.08,-15.66,-19.85,-19.95,-19.58,-14.44,-15,-20.58,-16.4,-14.07,-14.2,-12.51,-15.48,-8.98,-10.09,-7.84,-9.98,-12.8
"185",8.03,6.7,6.06,3.73,3.57,10.57,4.79,3.55,2.32,5.38,6.45,4.56,3.24,2.28,2.67,3.97,1.9,3.04,0.65,2.05,1.81,2.06,3.06,2.95,1.85
"186",2.77,2.41,1.58,0.27,-0.07,2.21,2.53,1.08,1.73,1.06,2.25,0.88,-0.37,0.66,2.48,0.22,0.9,0.68,-0.15,-0.54,2.77,0.15,-0.22,-0.65,-1.53
"187",9.13,9.33,7.56,9.85,11.04,7.83,7.58,7.33,6.4,9.58,6.13,6.36,6.79,6.29,9.05,5.13,4.51,5.51,7.57,5.44,1.48,4.14,3.47,4.59,6.87
"188",-3.61,-4.25,-3.34,-3.59,-2.13,-3.71,-3.8,-3.73,-3.8,-3.1,-5.52,-2.65,-2.92,-2.23,-1.55,-4.94,-4.39,-3.87,-4.03,-5.18,-4.74,-3.19,-2.87,-2.63,-3.55
"189",11.25,8.77,7.1,6.44,7.67,11.64,8.21,7.69,6.36,7.58,9.81,8.52,6.1,8.02,12.27,6.84,6.94,6.28,7.12,8.9,4.12,5.28,4.18,5.36,5.71
"190",2.38,1.92,1.38,2.29,2.61,0.81,2.13,1.53,2.25,1.21,0.57,0.45,1.47,1.13,3.18,1.11,0.13,0.83,-0.57,1.07,-0.84,-0.14,-1.01,0.69,-1.79
"191",-3.58,-1.57,-2.58,3.83,-1.96,-3.15,-2.48,-1.31,-1.04,-1.59,-4.44,-3.54,-1.17,-0.34,-3.1,-1.06,-2.38,-2.39,-1.89,-1.7,-2.95,-1.69,-2.12,-2.62,-2.15
"192",5.23,4.69,4.47,3.84,4.58,6.66,5.04,3.22,4.84,7.92,2.7,4.08,5.02,5.54,5.73,4.51,6.33,5.69,7.02,5.19,1.4,3.94,4.26,5.77,1.91
"193",1.53,2.24,1.52,2.35,1.44,1.32,1.58,2.61,4.05,2.94,2.51,3.03,3.52,2.01,4.32,0.76,2.79,2.18,1.46,2.37,-1.15,0.81,0.8,0.42,2.9
"194",8.11,8.18,5.63,6.35,7.26,7.83,7.78,6.64,5.7,6.45,8.44,7.25,5.1,4.65,5.77,7.83,5.2,6.02,4.4,7.1,5.56,6.23,3.58,4.61,4.53
"195",-0.93,-1.16,-2.36,-1.44,-1.78,-0.09,-0.24,-3.03,-2.51,-2.72,0.5,-0.95,-2.13,-3.9,-2.43,-1.11,-1,-0.95,-2.52,-2.54,-2.69,0.1,0.84,0.01,-0.34
"196",-11.93,-10.77,-11.99,-10.38,-12.36,-10.13,-10.88,-12.55,-12.91,-12.27,-8.99,-9.27,-11.27,-8.25,-13.22,-8.3,-8.72,-9.14,-11.35,-11.49,-7.13,-6.48,-6.46,-7.98,-8.04
"197",10.08,7.58,5.27,4.11,5.42,10.17,6.72,5.53,6.82,6.49,10.84,6.16,5.74,6.04,4.4,9.04,6.19,6.58,4.91,4.94,4.29,6.07,3.36,6.18,0.01
"198",10.54,7.41,4.77,5.7,4.28,7.63,5.38,4.85,2.65,4.18,4.55,2.34,1.88,1.04,6.93,3.64,3.21,1.3,1.05,3.33,0.92,2.54,-1,-0.11,1.32
"199",12.1,9.58,7.94,7.85,10.05,6,7.04,5.41,3.89,8.36,4.56,5.79,6.28,5.32,8.11,7.16,5.29,5.82,-0.05,7.19,2.5,6.56,5.02,7.02,9.43
"200",-0.3,-1.3,-2.93,-3.11,-2.95,-2.23,-1.48,-3.74,-5.32,-1.93,-1.95,-4.41,-5.32,-5.17,-3.62,-3.28,-2.47,-3.92,-5.76,-2.41,-5.3,-0.04,3.25,0.72,1.6
"201",-23.33,-20.52,-18.56,-16.71,-18.79,-20.44,-17.59,-18.01,-15.94,-18.72,-17.04,-16.24,-17.51,-14.27,-19.97,-13.34,-15.48,-14.31,-12.4,-17.99,-7.41,-12.4,-10.97,-12.5,-14.1
"202",5.03,5.29,5.39,3.85,4.85,4.89,3.66,4.78,6.84,2.35,5.64,5.59,5.99,8.17,4.66,3.6,5.33,6.08,7.43,5.44,1.63,2.36,4.19,6.62,1.6
"203",6.27,5.52,6.06,5.67,6.95,8.34,9.59,6.26,7.25,9.36,6.23,6.11,7.88,7.17,8.18,6.77,7.07,8.76,6.52,8.22,4.11,4.37,4.41,3.34,5.33
"204",4.27,2.92,3.46,3.67,4.75,3.72,6.08,3.5,4.92,1.44,4.71,5.13,3.41,4.12,1.77,5.17,3.13,4.08,2.48,4.18,1.76,3.39,1.42,4.1,-0.36
"205",11.67,12.1,9.87,7.95,8.48,13.87,10.87,9.38,7.08,6.95,12.7,7.73,9.04,5.12,6.09,10.55,8.99,7.61,2.26,4.19,10.66,5.28,2.58,2.97,4.62
"206",10.82,8.31,6.66,6.34,4.52,7.65,6.71,3.39,2.38,3.06,6.09,5.73,1.67,1.22,0.21,4.02,1.75,1.92,-0.59,-0.05,1.41,0.39,0.69,1.32,-0.63
"207",5.85,2.11,1.82,0.76,2.17,3.83,3.03,2.95,0.16,0.18,5.01,1.7,2.18,0.79,-2.15,5.01,3.53,0.53,-0.24,-0.51,2.35,5.28,2.73,-2.23,-0.65
"208",6.66,4.64,3.32,2.69,1.24,5.8,1.11,0.05,2.44,0.06,1.73,1.33,2.08,0.57,1.36,1.36,1.87,-1.81,-2.38,-1.11,-0.39,3.12,4.03,-2.78,-0.28
"209",15.22,5.32,5,-0.22,0.75,12.65,6.45,3.51,5.45,1.92,10.65,6.1,2.79,1.4,0.73,12.29,13.38,3.57,2.05,-0.03,9.64,13.51,18.12,4.16,2.96
"210",-7.63,-6.91,-4.97,-4.04,-4.77,-6.5,-3.69,-3.26,-2.77,-2.03,-5.18,-4.4,-2.03,-2.13,-1.88,-4.93,-5.9,-1.99,-0.75,-1.73,-1.21,-6.89,-7.22,-2.77,-1.52
"211",-5.56,-1.42,0.81,0.88,2.19,-5.96,-1.23,-1.07,0.76,2.23,-5.38,-2.54,-2.17,0.88,1.88,-7.73,-4.43,-1.69,-0.36,0.47,-7.11,-8.62,-7.6,-0.96,1.23
"212",-4.41,-1.01,0.06,1.1,1.38,-1.51,0.47,1.9,2.44,2.96,1.21,1.26,2.79,-1.09,0.41,0.36,1.85,3.22,0.3,2.59,2.21,1.01,-1.73,1.85,-1.54
"213",6.09,8.29,7.41,7.92,6.13,6.78,6.98,6.83,6.63,6.43,6.45,6.37,6.35,7.71,6.1,7.68,5.1,7.88,5.96,6.41,1.76,1.94,-1.47,2.65,6.98
"214",1.97,3.67,2.56,3.69,4.46,0.54,2.48,2.6,2.68,2.89,1.01,2.32,0.38,-0.04,2.87,-1.05,-1.84,-0.68,-0.82,0.61,-3.8,-5.38,-4.06,1.3,-4.04
"215",3.85,3.88,3.18,1.54,1.55,5.1,1.07,1.57,-0.86,1.31,1.02,2.44,1.75,0.33,4.12,2.47,0.49,1.11,-0.06,2.18,0.48,-3.26,-3.2,2.42,-0.41
"216",-8.49,-1.81,0.03,1.38,-0.22,-8.39,-1.89,-2.04,-1.47,0.39,-6.42,-1.42,-1.82,0.71,-3.24,-6.57,-2.99,-0.73,1.3,-1.84,-5.77,-0.29,2.11,-1.89,-0.77
"217",-5.75,-4.69,-4.1,-3.4,-3.55,-3.83,-4.7,-1.82,-2.77,-3.22,-2.55,-3.27,-4.21,-4.21,-1.55,0.47,-2.27,-3.62,-3.78,-4.54,0.44,1.63,-3.3,-3.41,-0.64
"218",-14.08,-9.8,-8.57,-6.98,-6.25,-11.67,-9.34,-6.15,-6.49,-6.9,-9.83,-7.28,-6.79,-6.89,-4.74,-8.2,-7.46,-5.09,-6.58,-4.51,-7.45,-7.95,-7.04,-6.41,-1.67
"219",-14.76,-9.59,-8.7,-7.73,-7.55,-11.45,-8.13,-7.65,-4.37,-6.8,-10.31,-7.26,-7.23,-2.93,-5,-10.47,-9.24,-7.76,-5.07,-5.6,-7.56,-7.25,-7.51,-3.44,-0.76
"220",9.17,6.94,7.08,5.8,3.75,9.98,5.42,5.68,6.31,4.87,9.72,4,6.04,3.81,3.26,8.91,6.27,3.93,2.91,2.48,6.6,6.48,1.45,0.38,3.6
"221",-2.29,1.22,2.69,1.72,2.98,0.37,4.51,3.57,4.99,4.5,-0.6,1.6,3.29,1.78,4.39,2.71,3.65,1.26,6.4,3.67,2.56,4.7,4.11,3.37,2.7
"222",-4.97,-2.93,-1.43,-1.31,-2.02,-2.57,-1.33,-2.83,-3.31,-2.49,-2.74,-2.79,-1.92,-2.08,-4.02,-4.3,-3.06,-2.63,-3.26,-3.24,-3.79,-4.29,-4.66,-2.93,-2.66
"223",-3.87,-1.29,-2.61,-2.23,-1.07,-6.19,-3.73,-5.05,-3.75,-0.56,-6.93,-3.97,-5.67,-3.03,0.66,-7.42,-5.1,-4.46,-2.37,-2.51,-1.08,-4.63,-3.62,-1.9,0.63
"224",-8.82,-5.02,-3.85,-3.65,-1.83,-8.2,-5.33,-5.19,-1.89,-1.42,-8.63,-3.68,-2.41,-4.04,-0.66,-7.57,-7.42,-4.29,-1.1,-0.22,-8.35,-8.27,-3.6,-2.11,-4.84
"225",-2.89,-1.34,-2.24,-1.25,-0.86,-4.69,-0.93,-2.15,0.77,0.87,-3.22,-1.3,0.31,-1.33,2.04,-3.96,-2.44,-1.27,-0.84,0.07,-4.46,-0.54,-2.52,1.62,1.06
"226",5.34,5.16,3.97,3.89,3.38,5.66,5.81,4.55,3.26,3.07,5.23,4.56,3.38,3.88,3.76,5.16,3.85,3.41,2.65,3.89,5.52,2.78,1.85,1.93,-0.58
"227",-4.15,-2.75,-1.07,-1.9,-1.77,-5.08,-5.05,-3.74,-2.98,-3.05,-4.5,-3.25,-4.34,-2.31,-2.23,-5.95,-5.41,-4.87,-5.08,-3.84,-5.13,-2.77,-2.54,-4.46,-2.32
"228",-5.41,-3.99,-3.5,-2.16,-2.2,-5.05,-2.29,-2.47,-1.49,-2.25,-4.92,-1.54,-1.45,-3.08,-2.84,-5.35,-4.07,-1.7,-2.25,-0.45,-3.78,-2.07,-1.56,-2.78,-3.84
"229",-4.88,-3.54,-0.72,-1.84,-1.48,-4.33,0.25,-1.39,-1.28,-1.92,-2.9,-1.58,-3.2,-4.48,-2.53,-2.43,-5.12,-3.98,-4.39,-3.86,-0.41,-4.82,-5.29,-3.18,-2.88
"230",4.14,6.35,6.09,4.3,4.9,7.14,7.74,9.17,7.23,7.7,10.08,10.5,11.11,10.66,10,11.33,12.09,9.79,11.75,13.25,10.48,11.09,12.28,12.99,11.7
"231",1.72,2.05,5.23,3.34,3.84,2.15,1.85,4.53,5.02,5.23,2.66,5.04,3.78,3.5,1.75,2.23,1.69,7.15,2.2,-0.54,1.17,1.53,0.66,-0.62,-0.35
"232",17.11,12.97,12.63,12.27,11.05,16.62,11.94,12.88,9.38,10.74,14.56,13.01,11.91,12.57,12.55,14.98,14.31,11.82,12.04,12.24,10.93,10.68,9.71,10.77,5.36
"233",8.43,9.78,11.06,9.73,9.84,9.11,8.25,7.29,7.37,8.19,9.89,8.01,6.35,5.03,7.57,6.7,6.35,3.8,4.77,6.67,6.6,3.33,0.7,2.28,1.04
"234",1.89,1.62,1.31,1.62,1.74,-1.04,1.87,0.43,-0.25,0.33,-0.06,-0.18,-1.53,-0.4,1.93,0.12,-0.53,1.8,-0.44,1.98,1.68,-0.68,0.46,-0.27,5.25
"235",12.88,7.79,8.17,8.34,6.42,7.24,7.6,2.83,4.13,4.11,5.68,2.26,3.64,2.32,3.3,4.41,2.74,2.1,1.79,1.39,1.41,2.4,3.08,5.4,2.08
"236",2.56,3.98,7.45,6.88,8.33,4.53,4.34,7.31,5.15,4.77,4.6,4.26,4.8,3.81,4.5,4.24,2.28,2,2.7,3.86,1.77,3.27,2.59,0.5,1.79
"237",2.16,5.08,6.01,3.87,6.93,1.3,3.1,5.92,6.57,4.11,1.47,5.85,4.05,6.97,4.07,0.02,2.03,4,4.91,4.51,2.68,2.01,3.49,2.86,1.2
"238",6.62,6.7,8.01,8.8,8.34,7.23,7.62,8.17,7.07,6.86,5.91,6.62,6.39,5.72,5.84,4.34,5.03,6.89,6.26,5.52,5.91,5.33,8.07,8.31,6.53
"239",11.25,9.6,7.66,7.85,7.22,4.8,5.75,4.6,2.5,4.83,5.05,4.65,2.05,1.49,0.68,4.01,4.81,4.07,1.18,0.35,-1.71,-2.83,-1.16,-2.3,0.48
"240",3.41,6.18,3.14,2.24,3.6,6.19,4.66,0.77,2.03,3.17,4.07,4.8,4.21,0.67,0.92,5.79,4.06,3.47,-2.02,1.21,5.23,4.65,2.18,0.97,-0.02
"241",-6.86,-2.85,-1.76,0.12,-0.02,-7.96,-5.29,-1.57,0.9,0.27,-7,-3.8,1.92,0.3,-0.08,-5.03,-4.46,-5.44,-1.57,-1.31,-5.58,-6.76,-4.34,-0.96,-2.91
"242",-6.77,-4.73,-3.09,-4.32,-1.92,-6.15,-4.12,-3.55,-1.83,-0.1,-4.52,-5.09,-2.28,-1.61,1.51,-3.67,-2.45,-0.81,2.02,2.93,-1.42,-1.26,-0.39,3.44,5.86
"243",-3.89,-0.56,-0.14,0.8,0.86,0.37,0.63,3.18,4.11,2.86,1.07,3.34,2.08,4.16,6.19,2.82,1.16,2.21,1.91,0.74,2.11,1.36,1.11,-1.76,-0.26
"244",-11.29,-7,-5.82,-4.32,-3.69,-10.95,-8.08,-4.9,-2.52,-3.77,-9.06,-5.36,-3.71,-1.37,-2.55,-7.83,-3.58,-2.65,-2.49,-1.18,-3.25,-3,-1.07,-0.77,-1.43
"245",2.96,2.97,2.82,1.97,3.67,5.07,4.49,4.04,4.52,4.25,5.49,3.68,4.04,3.32,3.38,5.02,1.97,3.82,4.15,3.1,0.5,2.4,1.96,0.93,-0.08
"246",-5.96,-1.76,-1.42,-1.01,0.02,-3.82,-1.92,-0.68,-0.79,-0.62,-3.91,-1.95,-0.82,-1.84,0.9,-4.2,-1.05,-3.53,-2.48,-1.27,-0.77,-0.67,-2.83,-1.74,-0.19
"247",-2.76,-1.74,-0.81,0.42,2.42,-7.08,-2.15,-1.13,-0.52,3.01,-7.76,-5.38,-2.98,-0.6,-0.99,-8.4,-4.21,-2.23,-1.13,-0.3,-6.45,-1.53,0.41,0.84,6.22
"248",-8.22,-7.6,-6.04,-4.96,-5.31,-7.89,-6.71,-4.54,-4.01,-4.5,-7.5,-7.85,-5.5,-5.29,-3.49,-6.4,-6.48,-6.22,-3.91,-5.41,-4.48,-6.8,-4.81,-3.22,-0.03
"249",-1.86,0.71,-0.17,0.89,1.4,-1.01,0.57,0.15,0.52,1.37,-0.11,0.73,1.71,0.53,2.62,-0.15,0.11,1.74,0.81,3.51,1.06,2.15,-0.51,1.01,-2.19
"250",-4.93,-2.59,-1.54,-0.82,-1.8,-2.09,0.66,-0.11,-0.79,-1.88,-0.81,0.29,-0.91,-1.98,-0.69,-2.13,-1.45,-1.38,-3.34,-2.65,0.62,-1.23,0.44,0.81,1.62
"251",-6.87,-5.49,-5.79,-4.16,-4.42,-6.88,-5.71,-5.75,-4.8,-5,-6.66,-6.36,-6.41,-4.85,-7.72,-4.73,-4.62,-5.94,-6.08,-8.33,-5.98,-4.06,-7.09,-4.92,-6.83
"252",0.34,2.64,1.52,0.74,0.57,3.23,3.94,1.14,2.08,0.46,5.67,4.26,0.14,0.88,-1.08,5.23,3.75,1.03,1.2,1.8,2.73,4.77,1.17,-1.81,4.59
"253",-8.04,-5.99,-5.36,-2.71,-2.98,-6.15,-6.45,-2.21,-4.69,-4.66,-4.49,-4.15,-3.62,-3.9,-1.82,-4.37,-5.92,-3.33,-5.21,-1.67,-0.51,-2.26,-0.9,-3.82,-3.15
"254",10.64,10.81,7.92,6.32,7.82,14.94,9.72,9.07,8.59,9.56,14.58,12.33,10.01,11,8.59,12,12.34,11.6,10.41,9.18,9.94,9.34,9.56,10.66,11.67
"255",-3.46,-2.28,-0.52,0.43,1.54,-6.21,-0.6,1.14,0.66,2.46,-4.92,0.97,1.05,1.25,2.57,-2.33,-2.39,-0.2,0.57,3.57,-3.64,-2.55,-1.31,1.03,2.38
"256",-4.8,-2.36,-3.14,-2.54,-2.29,-4.02,-2.72,-1.24,-0.09,-0.02,-2.74,-1.61,0.61,-2.74,0.49,-1.43,-0.92,-0.31,-0.85,0.72,-0.12,1.86,0.35,-1.48,-2.58
"257",-6.52,-4.71,-2.04,-2.26,-1.66,-6.51,-2.86,-1.11,-0.69,0.47,-4.86,-0.11,0.55,0.62,1.14,-4.24,-1.28,-1.73,-0.14,1.26,-3.19,-1.7,-2.41,-1.46,0.7
"258",-0.06,0.06,0.44,-0.19,0.12,1.33,1.62,1.03,1.89,2.12,3.82,2.84,0.41,0.95,1.52,2.66,1.29,1.59,2.33,2.83,1.94,1.73,2.21,2.52,0.58
"259",15.46,13.83,9.98,9.49,7.84,15.44,12.41,8.33,9.31,8.11,13.11,9.71,8.87,8.34,7.29,11.57,12.18,7.78,7.61,5.66,8.89,7.31,6.95,6.24,3.63
"260",3.1,4.51,2.78,2.13,3.15,2.24,2.57,2.1,1.33,0.26,1.56,0.42,0.77,1.09,-1.19,2.14,-1.71,1.42,2.02,0.53,-0.39,2.1,0.96,2.03,2.14
"261",-3.27,-3.63,-2.17,-1.82,-0.88,-5.45,-4.13,-1.32,-0.26,2.6,-4.94,-1.93,-2.5,0.34,3.11,-3.33,-3.01,-0.52,0.02,3.99,-2.18,0.42,-1.07,0.47,0.93
"262",-2.92,-2.52,-0.57,-0.33,-0.44,-3.96,-2.01,-1.07,1.95,0.13,-1.95,-2.07,-1.2,1.94,0.78,-2,-4.07,-0.2,0.19,0.21,-2.4,-3.13,-2.04,0.5,2.31
"263",1.87,3.3,3.11,2.05,0.45,3.44,3.47,2.46,4.94,2.09,5.57,4.81,2.61,4.01,3.54,6.06,5.04,4.98,3.68,5.93,5.04,6.86,8.16,4.86,3.93
"264",0.05,-0.02,0.25,0.79,2.51,0.19,1.75,1.85,2.58,3.1,2.01,1.17,3.89,2.12,2.81,1.44,1.27,1.71,3.05,0.36,0.12,2.33,0.92,-0.23,1.78
"265",1.78,2.42,1.9,0.91,1.68,2.62,2.89,4.37,-0.71,-0.21,0.61,2.02,0.8,0.36,1.34,-1.1,-0.22,0.57,-2.73,0.09,-0.07,-0.98,-2.58,-2.13,-2.97
"266",-2.15,-1.6,-1.21,-0.34,-1.66,-2.59,-1.51,0.26,-0.29,-0.26,-3.02,-1.45,-0.48,-1,-0.27,-2.27,-0.87,0.47,-0.82,-0.29,-2.36,-0.53,-0.92,-0.25,0.22
"267",-8.66,-6.33,-5.6,-4.53,-4.66,-8.11,-6.77,-3.88,-4.34,-6.35,-7.47,-4.96,-3.8,-4.4,-3.55,-5.58,-4.67,-5.34,-6.95,-5.5,-4.25,-3.05,-2.47,-3.73,-4.72
"268",0.02,1.04,3.08,2.64,1.11,3.16,3.21,3.52,4.98,2.22,3.3,3.63,3.69,1.76,2.18,5.02,4.63,3.6,4.85,4.93,2.98,3.76,4.14,5.18,5.73
"269",4.87,5.84,5.93,4.38,4.3,8.67,6.55,7.51,6.6,5.89,7.15,6.69,5.17,5.95,5.9,7.99,6.35,7.74,4.89,4.87,9.46,7.56,7.04,3.37,4.1
"270",3.02,4.53,3.38,3.34,2.74,4.55,3.84,4.42,3.27,-0.34,5.03,4.03,1.81,2.01,4.76,3.09,3.79,2.18,4.32,4.53,6.23,3.1,4.45,2.33,3.75
"271",3.32,1.61,1.66,1.48,2.46,0.32,1.28,0.84,-0.36,1.84,1.31,2.2,0.7,1.94,2.51,0.57,-0.08,1.4,2.16,2.97,-0.19,0.78,0.99,-1.94,0.85
"272",5.38,5.9,6.08,7.48,4.83,7.19,6.47,6.24,8.96,3.34,6.42,8.83,7.25,6.57,6.01,7.47,8.89,6.48,6.73,7.15,7.05,9.59,8.1,5.97,6.67
"273",4.13,4.9,4.44,4.12,5.66,3.22,4.52,5.19,4.57,5.87,4.26,6.66,4.73,5.27,5.08,4.98,4.62,5.94,3.45,4.03,5.36,6.72,4.82,4.17,3.96
"274",2.14,1.75,0.88,-0.35,-0.04,1.65,1.65,-0.32,0.25,-2.43,1.66,1.69,0.55,0.72,-2.06,1.42,-0.86,-2.26,-3.03,-5.39,-0.2,-1.5,-2.66,-3.34,-3.26
"275",3.68,2.87,3.71,3.32,3.54,2.89,1.94,4.68,3.85,2.37,5.69,3.79,5.37,4.73,2.7,5.81,3.48,5.25,3.92,3.94,4.66,5.82,3.02,6.07,5.06
"276",-0.31,-2.1,-0.85,0.74,1.83,0.09,-0.39,2.04,1.18,1.91,0.65,-1.23,1.53,0.1,2.07,0.94,0.51,-0.42,3.25,0.88,1.65,1.56,0.76,0.1,2.41
"277",-10.65,-9.4,-8.61,-6.58,-9.26,-11.94,-10.51,-9.3,-5.2,-7.62,-10.2,-8.5,-8.6,-6.5,-5.79,-9.31,-8.13,-7.69,-4.49,-4.99,-7.56,-6.43,-5.39,-3.16,-3.13
"278",-0.13,0.11,1.54,1.43,1.3,1.9,4.07,3.56,5.28,4.37,3.98,3.02,5.59,6.83,8.18,4.05,6.08,6.74,9.67,9,4.05,6.04,5.7,9.75,10.33
"279",-8.42,-6.85,-6.01,-4.92,-3.59,-9.28,-6.84,-5.22,-3.11,-6.33,-8.5,-8.29,-5.01,-5.24,-5.87,-9.82,-6.21,-7.46,-7.45,-6.36,-10.74,-11.39,-8.23,-8.38,-6.91
"280",1.51,2.1,1.79,2.57,0.63,5.94,3.75,2.96,2.49,1.14,5.29,2.01,0.71,1.6,1.93,5.35,5.83,5.25,5.57,3.78,4.49,6.57,5.91,4.24,5.59
"281",-2.59,-0.27,0.09,-0.5,0.92,-0.14,0.11,-0.88,-2.61,-0.45,-0.32,-0.12,-1.61,1.11,-1.01,0.69,1.03,1.33,-1.52,0.75,2.34,1.48,2.45,2.1,1.26
"282",-6.06,-2.35,-4.31,-2.09,-3.97,-3.57,-2.67,-3.82,-3.98,0.13,-3.09,-2.36,-4.14,-2.62,-1.43,-5.02,-3.39,-3.36,-2.87,-3.79,-2.21,-3,-4.8,-3.35,-3.43
"283",10.57,9.41,11.19,9.53,9.03,13.24,11.97,10.13,9.6,10.43,13.41,13,8.39,9.75,8.98,13.48,12.05,9.86,11.52,11.19,12.92,16.11,10.92,12.13,11.5
"284",10.3,8.03,6.36,6.66,6.17,9.23,8.8,6.06,5.49,5.06,8.56,7.74,4.68,3.75,3.79,7.03,6.17,6.04,3,2.19,7.77,5.54,2.42,-0.88,-1.5
"285",1.79,2.79,2.04,3.05,4.26,0.03,2.88,0.99,2.41,3.03,-0.3,1.06,0.63,2.01,2.95,1.42,1.4,1.4,1.46,-1.75,1.09,1.8,-0.03,2.55,4.33
"286",-2.7,-3.17,-2.69,-1.02,-1.76,-4.35,-2.94,-3.39,-4.24,-5.31,-2.43,-2.74,-4.99,-2.44,-3.07,-4.14,-2.88,-2.87,-2.45,-2.02,-1.79,-1.6,-2.59,-1.18,-0.94
"287",-0.54,-1.93,-0.2,0.2,2.77,-1.4,-0.35,-0.43,-0.06,0.22,0.58,-0.3,-0.87,0.06,-0.05,1.69,0.03,-0.72,-0.95,0.43,1.53,-0.93,-0.42,0.41,0.14
"288",-0.81,1.49,2.18,1.51,3.76,1.24,2.59,3.22,2.6,3.7,1.58,1.69,5.09,4.78,2.11,4.23,2.81,3.95,3.61,3.24,4.25,4.94,5.65,4.7,4.8
"289",1.35,1.53,1.63,2.49,4.87,1.8,1.53,3.18,3.21,5.28,2.05,3.97,3.57,3.06,7.39,3.27,4.3,4.34,3.93,4.25,5.6,2.73,5.85,2.14,2.61
"290",0.21,1.85,2.36,2.01,0.26,2.34,2.83,3.67,2.27,3.48,3.51,3.17,3.67,3.19,0.29,4.32,3.64,2.8,2.87,1.53,4.36,4.75,2.95,4.22,2.14
"291",-3.21,-0.89,-1.51,-0.84,-1.74,-2.61,-2.81,-1.17,-1.24,-3.05,-3.67,-2.95,-2.42,-2.85,-1.59,-2.68,-1.45,-2.84,-2.38,-0.13,-2.62,-4.5,-0.34,-2.54,-3.18
"292",-34.84,-31.54,-29.29,-29.48,-29.48,-33.31,-32.16,-28.4,-26.64,-29.44,-30.39,-29.59,-24.86,-23.63,-26.77,-26.54,-29.43,-25.6,-18.86,-24.44,-22.24,-22.96,-22.34,-15.77,-19.33
"293",-8.82,-5.24,-5.21,-4.94,-3.88,-7.57,-5.36,-3.87,-3.84,-3.18,-7,-3.22,-3.11,-3.51,-4.21,-6.79,-6.23,-6.68,-4.81,-2.43,-9.99,-8.74,-8.76,-8.07,-7.75
"294",2.42,4.49,5.24,4.53,2.94,11.44,9.61,7.07,5.73,4.68,12,9.45,5.73,4.16,6.44,12.13,10.4,8.93,3.49,3.38,7.96,7.05,7.59,2.9,5.86
"295",5.48,7.21,4.11,4.64,6.18,1.57,2.44,4.85,3.71,6.63,1.03,3.12,4.19,7.37,6.35,0,4,4.29,5.95,5.9,1.99,1.36,5.25,8.66,8.36
"296",5.52,7.42,6.95,7.03,7.07,7.96,11.41,8.43,7.44,7.45,8.26,7.71,6.43,6.79,5.67,8.07,8.93,5.7,4.53,5.9,4.12,4.92,4.15,1.29,2.4
"297",3.65,5.7,5.15,4.82,4.56,1.87,6.46,3.34,2.84,4.11,2.47,0.67,0.67,-0.45,0.24,-1.32,0.68,-0.44,-0.46,3.94,-5.03,-4.57,-4.32,-4.26,-1.25
"298",0.55,0.81,2.03,0.54,3.48,1.68,3.82,2.65,1.21,1.98,-1.35,-0.14,1.24,0.04,0.95,-0.26,0.19,0.81,-1.42,0.59,-1.24,0.59,1.12,1.98,1.81
"299",-4.11,-2.63,-1.35,-2.33,-1.44,-4.97,-2.57,-2.92,-1.87,-1.39,-1.47,-2.09,-1.66,0.82,0.41,-1.26,-1.09,-1.18,1.93,0.49,-0.43,-0.19,-0.71,2,1.7
"300",5.99,5.68,5.71,5.86,4.36,7.01,10.04,7.68,4.91,8.08,6.4,6.93,5.8,5.53,5.26,6.86,6.42,6.15,3.49,7.93,3.69,6.25,4.86,2.59,2.52
"301",-1.44,-0.86,-1.29,0.4,-1.59,-3.06,-2.68,-0.68,0.09,0.66,-4.76,-2.52,-2.03,-0.62,-0.79,-3.86,-3.99,-0.13,-1.77,-0.24,-1.4,-1.57,0.02,-0.46,0.42
"302",-4.7,-3.09,-1.57,-1.89,-2.67,-4.52,-4.61,-2.61,-0.99,-2.17,-4.76,-3.09,-2.72,-0.56,-1.66,-4.38,-3.75,-1.36,-0.66,0.78,-3.31,-5.83,-3.04,-2,-3.69
"303",0.61,2.18,2.25,1.01,2.2,2.04,1.93,2.12,2.17,2.26,3.38,1.82,1.91,0.91,2.63,4.01,0.56,3.09,1.58,4.07,5.08,4.76,1.46,3.42,3.36
"304",-3.44,-2.34,-1.83,-2.93,-1.58,-3.25,-1.52,-0.09,-0.51,-1.19,-2.17,-0.08,0.41,0.23,2.03,-2.25,0.34,-0.11,0.7,1.84,1.23,4.96,0.92,1.8,3.73
"305",-5.5,-5.42,-4.17,-3.66,-4.88,-4.81,-3.59,-2.6,-3.76,-2.69,-3.5,-3.03,-4.4,-1.21,-2.07,-2.15,-3.13,-3.85,-2.34,-1.53,-2.45,-1.71,-2.46,-1.06,-0.23
"306",1.18,3.5,2.88,3.98,1.99,4.56,3.46,3.25,4.33,2.26,3.86,2.89,2.93,1.6,2.11,2.72,2.39,1.05,1.23,-1.44,1.99,1.46,1.17,-0.13,-0.21
"307",4.81,5.37,3.9,3.69,5.06,2.88,5.1,4.04,3.22,6.77,4.3,4.96,4.65,3.46,4.89,4.17,5.07,5.36,5.63,7.7,7.28,6.34,5.89,5.84,7.71
"308",-1.81,-0.23,0.05,0.89,1.21,0.4,1.31,0.71,0.15,0.97,-0.64,0.01,-0.27,0.59,-0.73,-0.85,-0.62,-1.51,-0.42,0.74,-3.7,-3.48,-3.14,-2.28,-3.19
"309",0.6,2.11,3.97,2.09,2.38,1.18,1.79,1.59,1.02,2.5,1.49,0.63,0.9,2.64,1.82,-1.07,0.92,2.31,0.24,2.55,2.35,-0.17,3.31,2.07,0.52
"310",2.42,2.54,2.89,1.73,2.26,3.91,4.68,4.16,1.94,5.09,4.71,3.96,3.98,3.5,3.1,5.71,4.62,3.45,4.67,4.64,5.44,4.64,4.02,3.77,3
"311",2.32,4.58,1.32,3.24,2.69,4.01,2.5,3.53,2.8,3.01,4.87,3.95,3.09,3.29,3.17,3.71,2.07,2.33,3.69,5.37,3.9,2.35,3.72,3.55,2.54
"312",-3.76,-2.32,-3.05,-0.37,-0.15,-5.63,-2.73,-0.96,-1.37,-2.39,-4.03,-2.12,-2.01,-0.55,1.45,-2.93,-2.01,-0.39,1.25,2.84,-1.23,-1.1,-1.94,-1.3,0.08
"313",2.03,4.19,1.51,2.74,0.75,4.88,4.48,2.36,3.06,2.77,4.73,4.34,2.81,4,3.1,7.68,7.81,5.37,5.23,5.95,10.84,8.91,5.92,7.07,5.98
"314",1.44,-0.98,0.08,1.95,0.8,2.94,2.07,2.33,2.84,1.96,1.96,2.17,4.31,2.47,0.99,2.89,3.15,2.29,2.88,0.82,-0.82,1.56,2.32,1.01,2.05
"315",0.59,-1.12,-1.2,0.19,-1.11,1.65,-0.8,0.21,-0.01,-1.59,0.69,-1.87,-2.06,-0.83,-1.86,-0.47,-3.49,-3.92,-1.59,-0.15,0.45,-1.51,-0.33,-0.01,-1.02
"316",-5.81,-6.32,-5.28,-5.15,-7.46,-5.51,-7.94,-5.6,-6.51,-8.34,-4.96,-6.46,-6.93,-5.77,-5.53,-3.62,-4.24,-8.53,-3.66,-5.13,-0.56,-4.23,-3.39,-3.97,-0.75
"317",-1.42,-0.47,-1.35,-0.74,-1.99,-0.35,0.98,-0.02,0.86,-1.58,0.77,1.3,-0.68,0.09,1.53,1.39,1.54,-0.1,-0.35,0.26,1.21,1.78,1.99,0.57,0.37
"318",-1.4,-1.46,-1.63,-1.44,-2.27,0.67,-0.75,0.08,0.33,-0.3,-0.69,-0.03,-1.97,1.11,-1.21,2.07,1.49,0.83,0.87,1.69,0.07,0.34,4.05,4.22,0.44
"319",-8.84,-8.04,-5.41,-7.41,-6.63,-10.14,-9.95,-8.02,-8.62,-9.6,-10.2,-9.29,-8.04,-7.79,-8.23,-7.55,-6.49,-8.35,-9.59,-10.51,-8.23,-6.28,-7.62,-7.85,-6.36
"320",1.43,1.51,0.57,2.82,0.97,2.82,3.16,2.42,2.98,1.85,2.72,2.7,1.4,0.79,2.29,1.09,0.83,0.88,0.96,2.93,-0.67,1.28,1.8,0.9,1.43
"321",3.81,1.98,1.59,3.22,0.77,4.21,3.95,4.18,2.49,0.94,4.66,2.09,2.12,0.8,-1.14,3.22,3.19,1.26,1.34,-0.73,3.29,3.21,-0.38,-0.04,0.4
"322",-3.27,-3.04,-2.48,-3.09,-4.22,-4.64,-4.37,-2.75,-3.53,-6.38,-2.94,-3.03,-4.06,-6.35,-6.34,-3.6,-4.79,-7,-5.89,-6.75,-0.28,-1.95,-4.59,-4.8,-4.91
"323",7.43,5.72,5.12,3.68,2.74,9.94,7.99,5.07,4.88,2.79,8.39,8.28,6.42,4.33,5.81,10.25,7.9,9.52,6.52,7.69,10.9,10.28,6.81,5.76,7.2
"324",0.49,2.1,1.74,-0.17,-0.83,-0.5,0.29,-1.77,-0.75,-0.97,1.44,0.04,-0.93,-2.57,-0.81,-0.31,-2.49,-2.38,-2.23,-1.01,2.72,-2.69,-2.93,-4.12,-0.85
"325",-5.39,-5.63,-3.74,-3.84,-5.27,-5.9,-5.12,-5.13,-2.99,-4.82,-5.13,-2.27,-4.21,-5.39,-5.46,-2.76,-2.48,-4.21,-2.96,-2.7,-1.64,-1.84,1.6,-1.98,-2.71
"326",-17.2,-15.17,-13.02,-11.77,-13.07,-15.27,-14.26,-13.05,-11.21,-12.06,-14.54,-14.33,-11.68,-9.52,-10.75,-10.48,-12.23,-11.38,-9.82,-10.66,-9.22,-11.01,-6.98,-10.13,-11.24
"327",-11.29,-9.85,-8.41,-7.65,-9.39,-10.76,-10.31,-9.09,-7.41,-8.44,-9.99,-7.62,-7.09,-8.64,-8.96,-6.38,-7.07,-10.53,-7.62,-7.61,-5.74,-5.24,-2.46,-7.22,-8.01
"328",-7.08,-6.77,-7.36,-6.19,-7.94,-7.16,-6.07,-5.02,-4.94,-8.27,-5.42,-5.73,-4.77,-3.75,-5.13,-1.59,-3.91,-8.07,-2.37,-1.94,0.93,-1.91,-2.13,0.07,0.26
"329",2.99,4.34,4,1.88,0.6,11.47,5.3,6.46,6.47,3.66,10.5,8.87,6.84,6.99,7.06,8.63,7.46,10.62,8.57,5.47,5.86,6.97,5.34,5.56,3.78
"330",-0.41,-0.77,-0.06,1.55,-0.51,3.88,4.68,3.74,3.59,4.01,6.04,3.36,3.41,3.07,2.29,3.48,3.51,3.96,3.52,3.01,2.64,2.94,1.13,1.6,0.21
"331",7.31,6.57,9.91,8.3,10.56,9.77,6.29,6.78,6.06,8.1,8.91,8.03,6.19,7.52,3.06,7.94,3.4,7.91,3.66,4.81,4.65,4.91,1.65,5.4,3.44
"332",13.71,11.81,12.71,11.82,11.6,11.46,9.84,9.59,7.41,13.43,8.91,10.99,7.33,8.16,8.06,8.07,8.74,8.57,7.35,5.44,7.62,6.25,4.87,5.7,7.48
"333",9.74,8.32,7.38,5.76,7.45,7.34,4.67,5.05,6.09,6.16,7.14,2.17,1.68,4.43,5.54,4.27,3.53,2.8,3.55,2.56,4.09,1.54,-0.41,1.27,0.75
"334",0.54,0.41,0.69,-0.03,0.03,-1.96,0.44,0.31,0.97,0.92,-3.18,-1.38,2.51,1.76,1.17,-1.21,-0.39,3.48,1.18,-0.86,-0.5,-0.56,-0.5,0.79,-0.69
"335",1.89,3.76,4.09,2.72,2.68,5.07,2.47,5.06,3.15,3.17,3.11,6.2,4.39,4,-0.27,6.16,2.28,5.68,3.77,5.04,3.49,4.24,1.49,3.5,6.43
"336",-7.57,-4.35,-4.33,-4.41,-4.2,-5.55,-5.6,-3.66,-3.34,-6.09,-5.23,-4.73,-3.95,-2.51,-5.41,-5.71,-4.84,-6.15,-3.75,-3.89,-4.74,-5.91,-4.26,-5.27,-4.38
"337",2.09,3.64,1.7,2.9,2.11,3.84,2.99,2.87,3.1,1.92,5.51,3.78,3.59,2.66,6.22,5.47,3.15,1.76,4.5,6.65,5.91,2.51,4.33,4.44,-1.44
"338",3.36,3.83,2.46,0.96,2.27,3.67,3.14,3.06,3.06,2.63,4.95,3.74,2,3.59,5.54,1.07,2.24,2.2,2.75,2.68,3.87,0.1,2.35,0.9,1.12
"339",3.86,1.73,0.17,-0.59,-1.71,0.07,0.35,1.49,0.54,-2.48,-0.52,-0.91,-1.2,0.01,-3.56,-0.92,-2.12,-1.31,-0.42,-1.53,-2.63,-1.56,-1.44,-0.48,-3.4
"340",6.61,3.88,1.01,3.39,1.05,2.11,0.82,2.8,0.2,1.01,2.34,0.99,0.71,2.36,3.45,2.11,-0.02,1.01,2.34,3.03,0.98,0.55,1.58,2.46,0.85
"341",-2.12,-4.34,-4.83,-3.31,-3.31,-5.43,-5.62,-3.17,-5.58,-6.88,-3.73,-5.05,-4.36,-5.1,-6.3,-2.75,-5.3,-4.02,-3.49,-6.65,-1.65,-5.84,-5.9,-3.93,-9.68
"342",5.94,3.81,5.12,3.66,4.52,10.97,6.83,5.04,5.65,7.67,14.04,10.52,6.75,9.51,10.91,12.9,8.66,9.27,8.28,10.63,14.91,8.56,7.91,6.43,13.94
